Id,FirstName,LastName,Gender,Designation,City,Country,CreatedDate
1,Jervis,Roll,Male,Director of Sales,Thi Tran Ngoc Lac,Vietnam,8/4/2008 0:00
2,Gordon,Maltster,Male,Marketing Manager,Mabu,China,11/4/2008 0:00
3,Griff,Godsafe,Male,Actuary,Kipit,Phillippines,11/4/2008 0:00
4,Gracie,Franken,Female,Assistant Manager,Xiabuji,China,2/4/2008 0:00
5,Joelly,Wellbank,Female,Account Coordinator,Whitehorse,Canada,7/1/2009 0:00
6,Bab,Havock,Female,Accountant II,Basyan,Egypt,12/15/2010 0:00
7,Carmine,Courage,Female,Accountant I,Boyeros,Cuba,12/11/2010 0:00
8,Estella,Marvell,Female,Assistant Manager,Stettler,Canada,12/13/2010 0:00
9,Celie,Trevaskiss,Female,Structural Analysis Engineer,Delhi,India,12/14/2018 0:00
10,Jody,Rude,Female,Developer,New york,US,12/11/2018 0:00
